department_code,department_name,reference_year,average_net_monthly_wage_fte_eur,median_living_standard_eur,poverty_rate_percent,census_unemployment_rate_15_64_percent,municipal_population,area_sq_km,population_density_per_sq_km,gdp_current_prices_million_eur,population_counted_separately,total_population,employed_population_15_64,unemployed_population_15_64,active_population_15_64,oecd_tl3_code,gdp_observation_status,gdp_observation_status_label
01,Ain,2023,2489.861901,27990,12.2,7.742008008156269,679344,5774.887543793832,117.63761542509668,21222.4,15601,694945,306353.92376,25708.28261,332062.20638,FRK21,P,Provisional value
02,Aisne,2023,2287.448625,23360,19.4,12.723243215548838,523342,7419.546298821763,70.5355797945634,14568.9,11038,534380,198151.8774,28886.66608,227038.54348,FRE21,P,Provisional value
03,Allier,2023,2249.54134,24430,16.4,10.299764746310753,333298,7365.400368604301,45.25185099519009,10120.9,8415,341713,124010.40923,14239.4057,138249.81493,FRK11,P,Provisional value
04,Alpes-de-Haute-Provence,2023,2217.440392,24240,18.6,9.858860137148435,168054,6994.235137644543,24.02750217754271,5249.7,4331,172385,64198.24881,7021.45055,71219.69936,FRL01,P,Provisional value
05,Hautes-Alpes,2023,2189.127665,25060,14.3,7.59050404846811,143467,5685.756002696358,25.23270431090669,4870.4,4289,147756,59286.34693,4869.77287,64156.11979,FRL02,P,Provisional value
06,Alpes-Maritimes,2023,2661.408653,26380,17.7,9.27939165664993,1128418,4294.763330410392,262.7427667573413,50536.4,14085,1142503,460638.14317,47116.54629,507754.68946,FRL03,P,Provisional value
07,Ardèche,2023,2305.021495,24820,15.6,9.530404969241268,334231,5560.555988717096,60.107478582750886,9584.5,8368,342599,133087.8909,14019.9754,147107.8663,FRK22,P,Provisional value
08,Ardennes,2023,2326.981089,23500,19.9,12.186328749864362,265893,5250.607330324803,50.640427530038096,8508.2,5711,271604,101721.2176,14116.34636,115837.56396,FRF21,P,Provisional value
09,Ariège,2023,2218.215242,23360,20.0,11.792194967828769,155722,4921.387755263783,31.64188796817401,4177.8,3962,159684,59302.81198,7927.98688,67230.79886,FRJ21,P,Provisional value
10,Aube,2023,2332.767483,24130,18.1,11.853172209812692,310447,6022.309002421865,51.54949702433968,10502.6,6849,317296,119329.25791,16046.29774,135375.55564,FRF22,P,Provisional value
11,Aude,2023,2177.111594,23060,21.2,13.177853296350401,379648,6354.310028753952,59.746533971753195,10105.6,8226,387874,136034.60058,20647.31267,156681.91325,FRJ11,P,Provisional value
12,Aveyron,2023,2251.438239,24780,14.5,7.399492077167699,279609,8770.22006339432,31.881640138888777,8544.7,9804,289413,112877.02329,9019.74145,121896.76475,FRJ22,P,Provisional value
13,Bouches-du-Rhône,2023,2692.827697,25610,20.3,9.465172256223404,2087658,5094.560716382215,409.78174885360914,92169.3,24512,2112170,833005.61669,87088.49234,920094.10904,FRL04,P,Provisional value
14,Calvados,2023,2352.571883,25600,13.5,8.988623411301138,709441,5592.333432492648,126.85956739953964,25246.7,13538,722979,293178.36036,28955.38967,322133.75002,FRD11,P,Provisional value
15,Cantal,2023,2150.959173,24820,13.7,5.855734583180421,144196,5767.193095436831,25.00280424355689,4198.5,4617,148813,59120.91558,3677.29663,62798.21221,FRK12,P,Provisional value
16,Charente,2023,2414.854765,24850,15.4,10.104054197746512,352683,5963.936662437034,59.135939893748585,12885.5,8603,361286,140332.63778,15772.99805,156105.63583,FRI31,P,Provisional value
17,Charente-Maritime,2023,2257.484429,25710,13.1,9.838888141679568,672279,7046.41365351432,95.40725723144402,21595.0,15788,688067,257297.30784,28077.73084,285375.03868,FRI32,P,Provisional value
18,Cher,2023,2365.862556,24730,15.9,10.26388910669675,298660,7292.877291241482,40.952286467054826,9594.9,6573,305233,114527.63302,13099.50825,127627.14127,FRB01,P,Provisional value
19,Corrèze,2023,2240.233376,24910,14.4,8.334435174649347,240826,5889.766410920058,40.88888814902591,7800.7,7463,248289,95242.27218,8659.63729,103901.90947,FRI21,P,Provisional value
2A,Corse-du-Sud,2023,2339.941117,26050,17.9,7.223512731056776,168306,4037.233021766064,41.68845322838847,6627.0,2242,170548,69740.53745,5429.94971,75170.48716,FRM01,P,Provisional value
2B,Haute-Corse,2023,2248.882204,24200,21.8,8.65757942349612,187180,4722.160924403889,39.63863218482522,6106.4,2542,189722,72557.03881,6877.07116,79434.10997,FRM02,P,Provisional value
21,Côte-d'Or,2023,2464.542145,26560,13.0,8.17888509518232,540100,8787.360996538355,61.46327665527387,22304.6,11236,551336,232777.05385,20734.41145,253511.4653,FRC11,P,Provisional value
22,Côtes-d'Armor,2023,2264.340616,25590,12.2,8.77236920835624,611859,6982.550667918135,87.62686145783849,19089.5,17658,629517,238695.93453,22952.79235,261648.72687,FRH01,P,Provisional value
23,Creuse,2023,2137.695172,23210,19.5,9.16197119835074,115527,5589.773763325077,20.66756274788459,2932.1,3233,118760,42446.77118,4281.20359,46727.97477,FRI22,P,Provisional value
24,Dordogne,2023,2187.097257,24150,17.1,10.335692171778806,417614,9210.880030943152,45.33920739354568,11682.4,9944,427558,155632.52011,17939.91231,173572.43242,FRI11,P,Provisional value
25,Doubs,2023,2419.712077,27190,13.4,8.981054366187776,547163,5246.902393928025,104.28305291769942,18122.7,13314,560477,231241.70439,22817.1652,254058.86959,FRC21,P,Provisional value
26,Drôme,2023,2458.800944,25210,16.0,10.22964610366345,524207,6553.688942423274,79.9865548403905,21052.3,12741,536948,212686.71869,24236.39619,236923.11488,FRK23,P,Provisional value
27,Eure,2023,2437.276841,25520,13.8,9.808166511938513,602714,6034.371510529046,99.88016133053081,17681.6,13503,616217,247954.55721,26964.52096,274919.07817,FRD21,P,Provisional value
28,Eure-et-Loir,2023,2405.878955,25980,13.3,9.20949681221558,433129,5927.251422924345,73.07417369285575,13312.7,10098,443227,179986.27383,18257.22908,198243.5029,FRB02,P,Provisional value
29,Finistère,2023,2357.236853,26210,11.4,8.720105815755865,933455,6760.498906468088,138.0748688690593,31231.0,24216,957671,379073.81188,36213.49237,415287.30425,FRH02,P,Provisional value
30,Gard,2023,2370.404694,23930,21.0,12.082643567158179,770940,5875.509588183233,131.21244862752107,23176.5,13531,784471,286965.34708,39438.17405,326403.52114,FRJ12,P,Provisional value
31,Haute-Garonne,2023,2780.123686,27040,15.9,9.144011701626917,1471468,6365.201189000885,231.17383980614903,70369.4,23266,1494734,667020.30316,67130.8691,734151.17227,FRJ23,P,Provisional value
32,Gers,2023,2186.377736,24770,15.6,8.573158855891599,192645,6303.707278913721,30.560587837637875,4936.3,6310,198955,75707.74444,7099.16816,82806.91259,FRJ24,P,Provisional value
33,Gironde,2023,2575.180318,26820,14.2,8.914712197383468,1690493,10374.431284007864,162.9480164956981,70556.3,26493,1716986,746842.05983,73095.03193,819937.09176,FRI12,P,Provisional value
34,Hérault,2023,2430.292472,24280,21.0,12.601000950187927,1230289,6234.5105709688305,197.3352977744355,45176.7,18212,1248501,474910.29541,68471.55172,543381.84713,FRJ13,P,Provisional value
35,Ille-et-Vilaine,2023,2508.572708,26670,11.7,7.643034147603631,1120666,6831.766655661988,164.03751130334956,45322.9,24620,1145286,500073.85058,41383.79256,541457.64314,FRH03,P,Provisional value
36,Indre,2023,2256.657701,24020,15.8,9.826490545332287,216069,6886.730318824023,31.37468580835846,6159.8,5505,221574,80810.62455,8806.18757,89616.81212,FRB03,P,Provisional value
37,Indre-et-Loire,2023,2456.253392,25930,14.1,9.063089897152796,619362,6146.898663346077,100.76007982582374,23423.6,11972,631334,258752.85484,25788.21275,284541.06759,FRB04,P,Provisional value
38,Isère,2023,2725.245365,27290,13.0,8.010780648687147,1298990,7868.215104623141,165.09335125278287,52869.9,25235,1324225,567460.64553,49416.69024,616877.33577,FRK24,P,Provisional value
39,Jura,2023,2356.537551,26090,12.3,7.3914348013005835,257973,5040.203485046036,51.183052582180366,8310.8,8967,266940,108042.96909,8623.31211,116666.2812,FRC22,P,Provisional value
40,Landes,2023,2261.001215,25650,12.1,9.70491279308522,433570,9352.602563151533,46.35821923068016,13175.6,12258,445828,175033.84494,18812.63149,193846.47643,FRI13,P,Provisional value
41,Loir-et-Cher,2023,2350.275965,25240,14.0,9.040012037329666,328543,6411.931625110747,51.23931744894822,10897.8,8546,337089,129796.1742,12899.72661,142695.90081,FRB05,P,Provisional value
42,Loire,2023,2436.013767,24800,16.8,9.551240462880797,774133,4796.107002973183,161.40861734738252,25265.1,13891,788024,305542.57881,32264.79453,337807.37335,FRK25,P,Provisional value
43,Haute-Loire,2023,2226.439364,25140,12.4,7.518511549969685,228654,4997.655813671758,45.75225035995603,6563.0,6921,235575,95172.49956,7737.28396,102909.78352,FRK13,P,Provisional value
44,Loire-Atlantique,2023,2580.04257,27150,11.5,7.809624242352703,1487570,6996.765332773728,212.60824527471792,61830.1,29473,1517043,667759.71188,56567.21096,724326.92284,FRG01,P,Provisional value
45,Loiret,2023,2487.552764,25800,15.0,9.541639662451898,691268,6804.269355028623,101.5932738596137,26301.8,14444,705712,286400.54055,30209.81971,316610.36026,FRB06,P,Provisional value
46,Lot,2023,2260.740726,24740,15.8,9.941548144981528,176473,5221.932088436068,33.79457967115241,5837.8,5274,181747,66639.71576,7356.355,73996.07076,FRJ25,P,Provisional value
47,Lot-et-Garonne,2023,2244.136738,23730,18.5,9.837575459601949,333602,5382.4778211459625,61.979261426659086,10431.0,7885,341487,127803.4227,13944.56528,141747.98798,FRI14,P,Provisional value
48,Lozère,2023,2144.296604,24270,15.3,7.024233716287892,76486,5172.255178219171,14.787746807638065,2357.7,3478,79964,31312.30654,2365.61599,33677.92254,FRJ14,P,Provisional value
49,Maine-et-Loire,2023,2353.708053,25550,11.8,8.04463188008852,833776,7160.520245535812,116.44070143085108,27969.3,19992,853768,360200.37777,31511.80297,391712.18074,FRG02,P,Provisional value
50,Manche,2023,2378.916738,25430,12.0,7.36648824171362,497522,6022.429511459547,82.61151069569341,16965.5,14645,512167,202520.12224,16104.99344,218625.11568,FRD12,P,Provisional value
51,Marne,2023,2513.374762,25700,15.8,9.747078848892963,563076,8196.602621197531,68.69626673663656,24425.0,11066,574142,234361.11347,25310.38578,259671.49925,FRF23,P,Provisional value
52,Haute-Marne,2023,2255.156338,23980,16.0,9.113821483486447,168331,6249.925319305918,26.933281823388878,5205.7,4650,172981,65686.16839,6586.83226,72273.00065,FRF24,P,Provisional value
53,Mayenne,2023,2351.316714,25140,11.6,6.5853735820231085,305468,5207.866948811725,58.655108320249695,11247.1,8978,314446,129747.12775,9146.67585,138893.80361,FRG03,P,Provisional value
54,Meurthe-et-Moselle,2023,2427.068808,25910,16.1,9.318415150761538,732236,5283.345188642213,138.59325367839162,24036.1,11117,743353,302596.4903,31094.73356,333691.22385,FRF31,P,Provisional value
55,Meuse,2023,2303.912351,24740,15.0,9.480011134716941,180290,6234.717860078011,28.91710644268739,4717.7,4888,185178,72211.79726,7562.62402,79774.42128,FRF32,P,Provisional value
56,Morbihan,2023,2304.87764,26250,11.3,8.467841590477503,783390,6832.209148568132,114.66130251064985,26377.9,21207,804597,312021.34847,28865.78223,340887.1307,FRH04,P,Provisional value
57,Moselle,2023,2403.198299,26030,16.6,9.27256767506851,1051309,6253.594574406761,168.1127529921031,31439.7,17590,1068899,440835.33975,45054.46056,485889.80031,FRF33,P,Provisional value
58,Nièvre,2023,2225.748651,24010,17.3,9.900050103562506,201417,6863.242277503023,29.347208193454495,5798.9,4939,206356,71383.66809,7843.53256,79227.20065,FRC12,P,Provisional value
59,Nord,2023,2533.277862,23810,20.7,11.801632389852653,2615635,5767.754470328252,453.492778421121,91325.6,30311,2645946,1040801.54657,139267.39889,1180068.94546,FRE11,P,Provisional value
60,Oise,2023,2470.48488,25970,14.5,10.165275044612518,829899,5893.861228239525,140.80735325488615,25558.3,16858,846757,347584.04515,39330.9761,386915.02126,FRE22,P,Provisional value
61,Orne,2023,2227.624293,24110,16.3,9.641960364132194,275201,6143.341154631771,44.796633146852386,7914.6,7216,282417,103592.04999,11054.14022,114646.19022,FRD13,P,Provisional value
62,Pas-de-Calais,2023,2291.56734,23260,19.1,11.290358836500607,1457905,6714.7921496880335,217.1184107415348,41682.8,21460,1479365,566372.95653,72084.09177,638457.0483,FRE12,P,Provisional value
63,Puy-de-Dôme,2023,2526.887975,26040,14.8,8.34801863955017,664453,8001.631590333898,83.03968915573044,25216.4,14171,678624,276685.61744,25201.60129,301887.21873,FRK14,P,Provisional value
64,Pyrénées-Atlantiques,2023,2442.240204,26300,13.3,8.76373861073722,706564,7696.974600750965,91.7976265546028,25962.5,19091,725655,295057.62108,28341.88761,323399.50869,FRI15,P,Provisional value
65,Hautes-Pyrénées,2023,2210.824928,24320,16.6,9.58991809771163,231349,4528.74407157062,51.08458246786411,6999.5,5683,237032,87935.41033,9327.42638,97262.83671,FRJ26,P,Provisional value
66,Pyrénées-Orientales,2023,2234.162547,23080,22.4,14.766537129483623,496855,4150.220525794328,119.71773473528972,14856.0,8083,504938,169449.6601,29356.8349,198806.495,FRJ15,P,Provisional value
67,Bas-Rhin,2023,2577.038771,26890,15.0,8.573685203711708,1163810,4795.65557885113,242.68006341664926,46884.9,15130,1178940,515230.48154,48316.76707,563547.24861,FRF11,P,Provisional value
68,Haut-Rhin,2023,2495.221304,27620,14.1,9.664410361387525,770738,3527.546940346116,218.49121019049477,26550.0,13618,784356,326961.61029,34979.4714,361941.08168,FRF12,P,Provisional value
69,Rhône,2023,2876.234282,27500,16.3,8.76178825308674,1914667,3252.850943129499,588.6119694614532,107089.4,25348,1940015,845441.17592,81189.40981,926630.58573,FRK26,P,Provisional value
70,Haute-Saône,2023,2263.62432,24750,13.8,8.728886070350708,233185,5382.3218490067775,43.324239341619936,6046.7,5917,239102,94508.62415,9038.5115,103547.13565,FRC23,P,Provisional value
71,Saône-et-Loire,2023,2376.059708,24970,14.1,8.961573508538327,550310,8598.56768177663,64.00019402839605,17944.3,14628,564938,217245.31182,21385.03384,238630.34566,FRC13,P,Provisional value
72,Sarthe,2023,2335.178071,24990,14.1,8.75776613910954,566733,6237.928306851285,90.85275946142919,17547.5,12494,579227,231783.43907,22247.42938,254030.86845,FRG04,P,Provisional value
73,Savoie,2023,2510.830169,27910,11.1,6.6622521025778605,448226,6261.294794422809,71.58679070649305,20737.1,11991,460217,201808.69471,14404.68011,216213.37482,FRK27,P,Provisional value
74,Haute-Savoie,2023,2569.194515,32180,10.2,7.419071674385395,861158,4597.283638882131,187.31887515415474,32723.8,20571,881729,412194.36366,33031.63603,445225.99969,FRK28,P,Provisional value
75,Paris,2023,3863.197226,33650,16.8,8.663719140381037,2103778,105.34536079809695,19970.29564531146,264481.2,15634,2119412,1039014.1725,98555.87384,1137570.04634,FR101,P,Provisional value
76,Seine-Maritime,2023,2536.096348,24940,16.6,10.433760323356287,1260964,6326.88299668392,199.30256346780922,47347.2,20703,1281667,502920.87292,58586.31409,561507.187,FRD22,P,Provisional value
77,Seine-et-Marne,2023,2548.083969,27480,13.6,8.764696254525786,1468108,5923.9750121140405,247.82481306856295,52265.4,16072,1484180,655671.06261,62988.31122,718659.37382,FR102,P,Provisional value
78,Yvelines,2023,3292.973628,31520,11.6,8.11715568438653,1485086,2306.18710728822,643.957290068398,67733.3,23424,1508510,660933.40481,58388.47702,719321.88183,FR103,P,Provisional value
79,Deux-Sèvres,2023,2447.118385,25080,12.7,7.6699913140126394,375229,6028.930132764126,62.238074042494524,12807.0,10542,385771,158670.17994,13180.96813,171851.14807,FRI33,P,Provisional value
80,Somme,2023,2370.161811,24200,17.3,11.119004422494836,565413,6206.522840074098,91.0998017036621,18801.0,9958,575371,223738.76051,27989.69849,251728.45901,FRE23,P,Provisional value
81,Tarn,2023,2313.6702,24420,16.4,9.873329916662515,397352,5783.984507680116,68.69866256944263,11268.0,9881,407233,152611.73584,16718.53643,169330.27227,FRJ27,P,Provisional value
82,Tarn-et-Garonne,2023,2265.666165,24350,17.0,9.813477260440548,265817,3730.153895681942,71.2616710821803,7513.6,5833,271650,105479.57831,11477.56241,116957.14073,FRJ28,P,Provisional value
83,Var,2023,2323.840447,25940,16.8,9.961057971156293,1119307,6037.184985959893,185.40213735425795,36823.6,16278,1135585,429296.73569,47493.33538,476790.07107,FRL05,P,Provisional value
84,Vaucluse,2023,2345.697443,23840,21.4,11.616286404221484,572056,3578.162677821053,159.87422918075862,20710.1,10600,582656,220663.06364,29001.78372,249664.84736,FRL06,P,Provisional value
85,Vendée,2023,2287.888636,25850,9.2,7.5730984329750966,713609,6760.505985866374,105.55556070682916,25116.0,19294,732903,295605.93646,24220.79304,319826.7295,FRG05,P,Provisional value
86,Vienne,2023,2316.276293,24940,15.5,8.962604094729999,438897,7025.8722738805445,62.46868472568851,16253.2,10185,449082,176528.07625,17379.13572,193907.21197,FRI34,P,Provisional value
87,Haute-Vienne,2023,2328.2705,24740,17.1,9.077814597433493,373167,5547.201227327395,67.27122105498044,12178.5,6297,379464,145902.17413,14567.10351,160469.27764,FRI23,P,Provisional value
88,Vosges,2023,2288.357122,24320,15.8,10.510695190521304,357248,5891.308230455375,60.63984195448998,10844.4,10047,367295,140448.40403,16495.94181,156944.34584,FRF34,P,Provisional value
89,Yonne,2023,2318.540324,24590,16.0,10.181367345012085,332267,7451.325126176306,44.59166582770022,10227.0,8092,340359,128297.65514,14543.14676,142840.8019,FRC14,P,Provisional value
90,Territoire de Belfort,2023,2622.662983,25910,17.1,11.195601851370549,140255,610.193118295984,229.8534608054479,4469.6,2889,143144,56014.64361,7061.78591,63076.42951,FRC24,P,Provisional value
91,Essonne,2023,2922.835264,27940,15.4,8.153864283360742,1338485,1818.4507906260785,736.057861394847,62004.0,13406,1351891,592984.56718,52643.64848,645628.21566,FR104,P,Provisional value
92,Hauts-de-Seine,2023,4268.793502,33790,13.5,8.172935200154265,1654712,175.50429402157516,9428.327718275556,191708.7,15863,1670575,795497.51586,70802.1068,866299.62267,FR105,P,Provisional value
93,Seine-Saint-Denis,2023,3009.564898,21250,29.5,11.856516399342139,1704316,236.78453881484435,7197.750362124379,78409.9,6343,1710659,700035.83473,94164.49198,794200.32671,FR106,P,Provisional value
94,Val-de-Marne,2023,3026.924507,27250,18.4,9.349354207655155,1426929,244.89576340874484,5826.678992475566,67635.9,8683,1435612,637975.90725,65798.34794,703774.25519,FR107,P,Provisional value
95,Val-d'Oise,2023,2642.744878,25890,19.4,9.684638938618459,1281653,1253.2249847184983,1022.6838880712926,45399.9,9289,1290942,550539.80464,59035.13164,609574.93629,FR108,P,Provisional value
